speedLeft;speedRight;l0;l1;l2;l3;l4;l5;l6;l7
184;180;100;100;44;29;60;100;100;100
210;198;100;100;50;23;53;100;100;100
204;210;100;100;38;29;46;100;100;100
208;214;100;100;38;29;46;100;100;100
199;207;100;100;44;23;46;100;100;100
194;201;100;100;50;17;40;100;100;100
201;191;100;100;38;29;53;100;100;100
197;194;100;100;38;29;53;100;100;100
208;198;100;100;38;23;53;100;100;100
208;204;100;100;38;23;53;100;100;100
197;210;100;100;38;23;60;100;100;100
201;198;100;100;38;29;73;100;100;100
200;198;100;100;38;23;66;100;100;100
199;202;100;100;38;17;66;100;100;100
170;198;100;100;38;17;73;100;100;100
61;202;100;100;38;23;66;100;100;100
38;193;100;100;55;17;60;100;100;100
5;191;100;100;66;29;33;94;100;100
61;200;100;100;83;35;33;82;100;100
199;200;100;100;94;29;33;70;100;100
212;206;100;100;100;35;26;70;100;100
206;219;100;100;100;47;20;52;100;100
213;208;100;100;100;47;33;41;100;100
198;197;100;100;100;52;20;52;100;100
190;194;100;100;100;64;33;41;100;100
202;198;100;100;100;58;33;35;100;100
198;157;100;100;100;64;33;52;100;100
189;54;100;100;100;70;33;41;100;100
192;31;100;100;100;64;33;52;100;100
197;10;100;100;100;58;26;41;100;100
201;29;100;100;100;47;33;52;100;100
201;216;100;100;100;47;33;76;100;100
199;209;100;100;94;47;26;82;100;100
213;198;100;100;88;41;26;82;100;100
211;204;100;100;88;35;33;70;100;100
197;202;100;100;88;29;33;76;100;100
201;194;100;100;88;41;20;82;100;100
194;200;100;100;88;35;26;70;100;100
204;198;100;100;88;35;26;82;100;100
210;203;100;100;88;29;40;82;100;100
194;203;100;100;88;29;26;88;100;100
199;198;100;100;83;29;33;88;100;100
202;199;100;100;83;29;40;82;100;100
197;194;100;100;83;29;33;88;100;100
205;195;100;100;88;29;40;88;100;100
195;206;100;100;88;29;33;88;100;100
200;197;100;100;83;29;33;88;100;100
203;199;100;100;88;29;33;88;100;100
199;205;100;100;88;29;33;94;100;100
208;199;100;100;77;29;33;88;100;100
199;200;100;100;77;29;33;88;100;100
193;195;100;100;83;29;33;88;100;100
198;196;100;100;88;29;33;88;100;100
195;207;100;100;88;29;33;94;100;100
203;199;100;100;83;29;33;100;100;100
204;201;100;100;83;29;33;94;100;100
197;203;100;100;83;29;33;100;100;100
201;196;100;100;83;29;33;88;100;100
199;200;100;100;72;29;33;100;100;100
200;199;100;100;72;29;33;100;100;100
205;200;100;100;72;23;40;100;100;100
199;206;100;100;72;29;33;100;100;100
205;198;100;100;72;17;33;100;100;100
196;199;100;100;66;35;33;100;100;100
193;202;100;100;61;23;33;100;100;100
201;199;100;100;66;29;33;100;100;100
200;201;100;100;72;29;33;100;100;100
194;201;100;100;77;29;33;100;100;100
202;197;100;100;72;29;33;100;100;100
196;204;100;100;72;35;33;100;100;100
203;199;100;100;72;23;40;94;100;100
202;198;100;100;72;29;46;88;100;100
199;202;100;100;66;29;40;94;100;100
206;198;100;100;61;29;40;100;100;100
197;198;100;100;72;35;40;100;100;100
197;201;100;100;66;35;46;100;100;100
204;197;100;100;72;23;46;94;100;100
199;203;100;100;72;29;53;94;100;100
204;166;100;100;72;29;40;94;100;100
204;70;100;100;72;29;53;100;100;100
190;43;100;100;61;29;53;100;100;100
188;26;100;100;55;29;60;100;100;100
192;18;100;100;38;29;73;100;100;100
199;198;100;88;38;29;93;100;100;100
209;209;100;70;22;35;100;100;100;100
203;197;100;58;22;47;100;100;100;100
214;205;100;41;22;47;100;100;100;100
205;193;100;52;16;47;100;100;100;100
198;192;100;47;16;58;100;100;100;100
209;196;100;41;22;64;100;100;100;100
199;196;100;41;22;64;100;100;100;100
197;204;100;41;22;64;100;100;100;100
200;209;100;41;22;64;100;100;100;100
194;206;100;41;22;58;100;100;100;100
200;206;100;41;22;52;100;100;100;100
202;195;100;41;22;64;100;100;100;100
196;202;100;47;22;47;100;100;100;100
201;198;100;52;22;47;100;100;100;100
198;195;100;58;22;47;100;100;100;100
202;202;100;64;27;35;93;100;100;100
204;202;100;76;27;47;93;100;100;100
197;199;100;88;27;29;93;100;100;100
202;201;100;100;33;29;80;100;100;100
196;194;100;100;38;29;66;100;100;100
194;203;100;100;50;23;53;100;100;100
202;202;100;100;61;29;46;100;100;100
198;140;100;100;72;41;33;88;100;100
196;67;100;100;77;41;33;70;100;100
193;40;100;100;77;41;33;88;100;100
192;16;100;100;66;29;33;100;100;100
200;7;100;100;55;17;53;100;100;100
203;13;100;100;44;23;60;100;100;100
200;46;100;100;38;29;60;100;100;100
209;110;100;76;38;29;80;100;100;100
203;198;100;82;27;47;100;100;100;100
202;194;100;88;33;47;100;100;100;100
212;213;100;100;38;52;100;100;100;100
198;205;100;100;50;47;100;100;100;100
200;197;100;100;55;47;100;100;100;100
198;191;100;100;55;47;93;100;100;100
195;192;100;100;66;47;100;100;100;100
198;199;100;100;55;35;93;100;100;100
194;203;100;100;72;47;86;100;100;100
205;203;100;100;72;47;93;100;100;100
208;205;100;100;83;47;73;100;100;100
196;195;100;100;83;47;60;100;100;100
199;201;100;100;88;47;60;100;100;100
201;202;100;100;94;35;73;100;100;100
202;199;100;100;100;41;53;100;100;100
206;159;100;100;100;47;66;100;100;100
193;71;100;100;100;35;60;100;100;100
189;44;100;100;94;47;66;100;100;100
194;14;100;100;88;47;73;100;100;100
193;176;100;100;72;47;80;100;100;100
206;205;100;100;66;47;86;100;100;100
203;197;100;100;66;47;86;100;100;100
203;202;100;100;72;47;93;100;100;100
211;203;100;100;72;47;93;100;100;100
196;199;100;100;83;47;86;100;100;100
204;200;100;100;88;47;73;100;100;100
205;204;100;100;77;47;73;100;100;100
194;167;100;100;88;47;66;100;100;100
202;62;100;100;94;47;73;100;100;100
191;28;100;100;77;47;73;100;100;100
187;22;100;100;77;47;100;100;100;100
198;198;100;100;55;47;93;100;100;100
193;211;100;100;55;35;93;100;100;100
202;206;100;100;72;47;100;100;100;100
214;213;100;100;55;47;93;100;100;100
201;199;100;100;77;47;93;100;100;100
208;201;100;100;77;47;80;100;100;100
202;204;100;100;83;47;86;100;100;100
197;197;100;100;72;41;73;100;100;100
205;200;100;100;83;41;66;100;100;100
197;197;100;100;88;47;60;100;100;100
201;197;100;100;88;47;60;100;100;100
201;203;100;100;100;47;53;100;100;100
198;202;100;100;100;35;60;100;100;100
208;201;100;100;100;47;53;100;100;100
201;200;100;100;100;52;46;88;100;100
196;199;100;100;100;58;33;88;100;100
198;200;100;100;100;52;33;76;100;100
194;197;100;100;100;70;33;82;100;100
201;167;100;100;100;76;33;70;100;100
206;58;100;100;100;64;33;58;100;100
192;46;100;100;100;82;40;70;100;100
190;18;100;100;100;64;33;76;100;100
194;4;100;100;100;47;40;94;100;100
199;3;100;100;100;47;53;100;100;100
208;109;100;100;94;47;53;100;100;100
201;204;100;100;88;47;73;100;100;100
202;198;100;100;77;41;73;100;100;100
213;215;100;100;88;41;60;100;100;100
204;206;100;100;88;47;53;100;100;100
197;193;100;100;88;47;53;100;100;100
194;193;100;100;88;41;66;100;100;100
199;134;100;100;94;35;73;100;100;100
199;56;100;100;88;41;66;100;100;100
191;49;100;100;83;47;60;100;100;100
200;55;100;100;72;41;80;100;100;100
205;190;100;100;61;41;93;100;100;100
195;201;100;100;61;35;93;100;100;100
208;204;100;100;55;47;100;100;100;100
209;217;100;100;55;47;100;100;100;100
195;197;100;100;55;47;100;100;100;100
198;198;100;100;55;47;100;100;100;100
196;190;100;100;55;47;100;100;100;100
194;187;100;100;55;47;100;100;100;100
195;197;100;100;55;47;100;100;100;100
200;203;100;100;55;47;100;100;100;100
210;210;100;100;50;47;100;100;100;100
203;151;100;100;55;47;100;100;100;100
200;71;100;100;50;47;100;100;100;100
199;44;100;100;55;47;100;100;100;100
190;14;100;100;44;52;100;100;100;100
197;29;100;76;38;64;100;100;100;100
199;199;100;64;38;76;100;100;100;100
200;207;100;64;38;70;100;100;100;100
220;215;100;70;22;82;100;100;100;100
208;212;100;76;33;82;100;100;100;100
195;193;100;76;38;76;100;100;100;100
196;194;100;76;38;64;100;100;100;100
195;194;100;76;38;64;100;100;100;100
204;194;100;88;38;58;100;100;100;100
203;208;100;94;38;64;100;100;100;100
195;202;100;94;44;47;100;100;100;100
200;200;100;100;50;64;100;100;100;100
199;203;100;100;55;47;100;100;100;100
204;202;100;100;50;47;100;100;100;100
207;198;100;100;55;29;93;100;100;100
194;201;100;100;77;29;86;100;100;100
199;197;100;100;77;29;53;100;100;100
198;204;100;100;94;47;60;100;100;100
195;180;100;100;100;47;53;100;100;100
204;89;100;100;100;47;53;100;100;100
197;40;100;100;100;47;46;100;100;100
188;26;100;100;100;47;53;94;100;100
196;10;100;100;88;47;60;100;100;100
196;16;100;100;88;47;60;100;100;100
205;211;100;100;77;29;73;100;100;100
204;212;100;100;83;41;73;100;100;100
201;194;100;100;77;35;60;100;100;100
216;204;100;100;88;41;53;100;100;100
196;204;100;100;100;47;66;100;100;100
195;201;100;100;100;47;40;100;100;100
199;204;100;100;100;64;40;82;100;100
193;152;100;100;100;64;33;70;100;100
198;76;100;100;100;82;33;70;100;100
197;36;100;100;100;76;33;70;100;100
196;14;100;100;100;64;33;88;100;100
199;6;100;100;100;64;33;82;100;100
198;32;100;100;100;58;53;100;100;100
202;215;100;100;100;47;66;100;100;100
210;204;100;100;100;47;60;100;100;100
207;205;100;100;100;47;53;100;100;100
213;210;100;100;100;47;46;100;100;100
194;183;100;100;100;58;40;100;100;100
192;73;100;100;100;58;33;94;100;100
199;34;100;100;100;52;46;100;100;100
195;34;100;100;100;47;66;100;100;100
196;29;100;100;88;47;73;100;100;100
197;197;100;100;77;35;73;100;100;100
201;206;100;100;72;41;73;100;100;100
219;220;100;100;83;29;73;100;100;100
211;215;100;100;88;35;60;100;100;100
192;199;100;100;88;35;73;100;100;100
198;194;100;100;94;47;53;100;100;100
197;191;100;100;100;47;60;100;100;100
199;202;100;100;100;47;53;100;100;100
202;203;100;100;100;58;40;100;100;100
193;201;100;100;100;64;46;88;100;100
199;202;100;100;100;58;40;76;100;100
203;202;100;100;100;82;40;70;100;100
198;158;100;100;100;82;53;70;100;100
203;76;100;100;100;82;53;64;100;100
192;31;100;100;100;82;53;70;100;100
190;13;100;100;100;76;53;70;100;100
198;10;100;100;100;76;46;82;100;100
200;9;100;100;100;64;40;88;100;100
212;37;100;100;100;47;40;100;100;100
199;84;100;100;100;47;60;100;100;100
196;194;100;100;88;41;66;100;100;100
202;201;100;100;88;29;66;100;100;100
205;206;100;100;100;35;66;100;100;100
206;206;100;100;100;47;73;100;100;100
196;201;100;100;100;47;66;100;100;100
194;199;100;100;100;58;53;100;100;100
203;202;100;100;100;64;53;94;100;100
198;139;100;100;100;58;53;100;100;100
200;48;100;100;100;58;53;94;100;100
202;48;100;100;100;58;53;94;100;100
191;19;100;100;100;58;60;100;100;100
199;8;100;100;94;47;73;100;100;100
199;44;100;100;72;47;86;100;100;100
198;218;100;100;72;47;100;100;100;100
207;207;100;100;55;47;100;100;100;100
209;203;100;100;72;47;100;100;100;100
209;213;100;100;61;47;100;100;100;100
205;197;100;100;66;47;93;100;100;100
196;196;100;100;66;47;93;100;100;100
201;202;100;100;72;41;100;100;100;100
196;194;100;100;66;41;93;100;100;100
195;202;100;100;72;41;73;100;100;100
208;201;100;100;77;29;80;100;100;100
196;194;100;100;88;35;73;100;100;100
196;188;100;100;88;29;66;100;100;100
197;198;100;100;88;35;73;100;100;100
199;127;100;100;94;35;73;100;100;100
204;55;100;100;100;47;73;100;100;100
190;30;100;100;88;47;73;100;100;100
185;185;100;100;88;47;73;100;100;100
202;208;100;100;72;35;80;100;100;100
208;198;100;100;72;35;86;100;100;100
212;209;100;100;72;35;86;100;100;100
206;192;100;100;72;35;80;100;100;100
190;185;100;100;72;41;80;100;100;100
201;203;100;100;88;47;73;100;100;100
204;179;100;100;77;41;73;100;100;100
197;65;100;100;77;29;73;100;100;100
202;55;100;100;72;41;80;100;100;100
192;20;100;100;55;47;100;100;100;100
196;27;100;100;50;47;100;100;100;100
202;197;100;100;44;47;100;100;100;100
197;209;100;100;44;52;100;100;100;100
210;222;100;100;38;52;100;100;100;100
205;204;100;100;38;47;100;100;100;100
187;190;100;100;38;52;100;100;100;100
197;194;100;100;44;47;100;100;100;100
201;197;100;100;50;47;100;100;100;100
200;200;100;100;50;52;100;100;100;100
203;202;100;100;61;47;100;100;100;100
200;203;100;100;55;47;100;100;100;100
202;197;100;100;55;35;100;100;100;100
205;169;100;100;61;35;100;100;100;100
202;76;100;100;66;35;93;100;100;100
193;38;100;100;66;47;100;100;100;100
187;5;100;100;50;58;100;100;100;100
199;77;100;100;27;64;100;100;100;100
208;203;100;76;33;70;100;100;100;100
204;216;100;76;33;70;100;100;100;100
212;208;100;76;27;76;100;100;100;100
213;216;100;76;33;70;100;100;100;100
194;191;100;82;27;64;100;100;100;100
198;193;100;82;38;64;100;100;100;100
196;199;100;88;38;64;100;100;100;100
201;202;100;94;38;64;100;100;100;100
198;203;100;100;44;58;100;100;100;100
199;201;100;100;38;47;100;100;100;100
206;198;100;100;38;52;100;100;100;100
202;202;100;100;61;47;100;100;100;100
191;198;100;100;61;47;100;100;100;100
201;204;100;100;61;47;100;100;100;100
202;157;100;100;66;47;86;100;100;100
199;63;100;100;66;41;93;100;100;100
197;31;100;100;61;47;93;100;100;100
186;175;100;100;61;47;100;100;100;100
196;202;100;100;55;47;100;100;100;100
208;199;100;100;61;35;93;100;100;100
211;209;100;100;66;47;93;100;100;100
212;206;100;100;72;41;93;100;100;100
193;191;100;100;72;35;73;100;100;100
199;199;100;100;83;35;93;100;100;100
198;196;100;100;88;29;73;100;100;100
194;197;100;100;88;35;73;100;100;100
199;201;100;100;100;47;73;100;100;100
201;172;100;100;100;47;66;100;100;100
195;62;100;100;100;47;60;100;100;100
196;43;100;100;88;47;73;100;100;100
192;182;100;100;88;47;80;100;100;100
198;196;100;100;88;47;73;100;100;100
215;208;100;100;88;47;73;100;100;100
211;213;100;100;88;41;73;100;100;100
203;197;100;100;94;41;86;100;100;100
197;201;100;100;94;47;73;100;100;100
198;197;100;100;88;47;73;100;100;100
203;197;100;100;100;47;66;100;100;100
197;199;100;100;100;47;66;100;100;100
200;200;100;100;100;47;53;100;100;100
206;202;100;100;100;47;66;100;100;100
196;204;100;100;100;47;60;100;100;100
198;194;100;100;100;47;46;100;100;100
197;199;100;100;100;52;53;100;100;100
199;201;100;100;100;52;53;100;100;100
211;199;100;100;100;47;53;100;100;100
196;147;100;100;100;58;53;100;100;100
198;57;100;100;100;47;46;94;100;100
194;34;100;100;100;47;60;100;100;100
190;190;100;100;100;29;66;100;100;100
203;209;100;100;88;29;80;100;100;100
209;202;100;100;88;29;60;100;100;100
204;205;100;100;94;35;66;100;100;100
203;199;100;100;88;47;66;100;100;100
194;201;100;100;88;47;60;100;100;100
202;199;100;100;88;47;60;100;100;100
201;203;100;100;100;47;66;100;100;100
193;197;100;100;100;47;66;100;100;100
202;199;100;100;100;47;60;100;100;100
203;201;100;100;94;47;53;100;100;100
202;200;100;100;100;52;53;100;100;100
205;201;100;100;100;47;46;100;100;100
194;199;100;100;100;52;53;100;100;100
201;199;100;100;100;52;60;88;100;100
197;204;100;100;100;58;46;100;100;100
193;198;100;100;100;58;33;100;100;100
200;199;100;100;100;64;40;100;100;100
198;193;100;100;100;58;46;100;100;100
199;197;100;100;100;47;40;100;100;100
204;200;100;100;100;47;46;94;100;100
193;201;100;100;100;47;53;94;100;100
204;204;100;100;100;52;53;100;100;100
205;207;100;100;100;52;53;100;100;100
199;196;100;100;100;52;53;100;100;100
206;203;100;100;100;47;60;100;100;100
199;203;100;100;100;47;60;100;100;100
197;196;100;100;100;52;53;100;100;100
202;196;100;100;88;29;73;100;100;100
145;197;100;100;88;35;73;100;100;100
57;201;100;100;88;35;60;100;100;100
47;198;100;100;94;41;60;100;100;100
18;189;100;100;100;47;53;100;100;100
174;199;100;100;100;52;46;76;100;100
202;205;100;100;100;64;33;94;100;100
205;211;100;100;100;58;33;94;100;100
214;212;100;100;100;47;53;88;100;100
201;197;100;100;100;52;53;100;100;100
198;196;100;100;100;52;53;100;100;100
147;203;100;100;100;47;66;100;100;100
72;195;100;100;100;47;60;100;100;100
44;194;100;100;100;52;53;100;100;100
17;191;100;100;100;52;46;94;100;100
200;197;100;100;100;82;53;88;100;100
211;199;100;100;100;64;40;88;100;100
208;216;100;100;100;70;46;76;100;100
213;212;100;100;100;64;46;88;100;100
194;196;100;100;100;64;53;88;100;100
73;194;100;100;100;64;40;94;100;100
58;199;100;100;100;76;26;94;100;100
20;191;100;100;100;82;46;70;100;100
7;192;100;100;100;94;53;70;100;100
188;196;100;100;100;100;60;64;100;100
213;199;100;100;100;100;73;58;100;100
213;215;100;100;100;100;53;64;100;100
215;219;100;100;100;94;53;70;100;100
199;194;100;100;100;82;53;70;100;100
190;193;100;100;100;88;40;70;100;100
200;196;100;100;100;82;53;70;100;100
201;198;100;100;100;82;46;70;100;100
160;201;100;100;100;64;46;76;100;100
82;197;100;100;100;64;53;88;100;100
43;194;100;100;100;64;46;82;100;100
12;195;100;100;100;88;53;70;100;100
4;199;100;100;100;100;46;52;100;100
29;200;100;100;100;100;66;52;100;100
47;203;100;100;100;100;73;52;100;100
52;200;100;100;100;100;86;52;87;100
178;200;100;100;100;100;93;52;87;100
201;202;100;100;100;100;93;52;87;100
215;212;100;100;100;100;80;52;100;100
207;213;100;100;100;100;93;52;93;100
198;190;100;100;100;100;93;52;100;100
199;198;100;100;100;100;73;52;100;100
195;201;100;100;100;100;73;41;100;100
200;198;100;100;100;100;73;52;100;100
199;198;100;100;100;100;53;52;100;100
163;195;100;100;100;88;53;52;100;100
63;198;100;100;100;94;53;52;100;100
31;194;100;100;100;100;60;52;100;100
24;195;100;100;100;100;80;47;100;100
176;201;100;100;100;100;73;52;93;100
204;208;100;100;100;100;80;52;100;100
222;212;100;100;100;100;73;52;100;100
209;207;100;100;100;100;66;47;100;100
190;188;100;100;100;100;73;47;100;100
198;195;100;100;100;100;53;52;100;100
166;206;100;100;100;94;53;64;100;100
59;197;100;100;100;88;40;64;100;100
43;194;100;100;100;82;53;58;100;100
18;193;100;100;100;100;53;52;100;100
14;194;100;100;100;100;73;41;100;100
35;197;100;100;100;100;60;47;93;100
200;202;100;100;100;100;73;41;100;100
203;208;100;100;100;100;73;41;100;100
211;221;100;100;100;100;73;52;100;100
198;198;100;100;100;100;60;52;100;100
192;189;100;100;100;100;60;41;100;100
205;199;100;100;100;94;40;58;100;100
159;201;100;100;100;82;53;58;100;100
58;199;100;100;100;64;53;70;100;100
37;190;100;100;100;70;53;58;100;100
16;194;100;100;100;82;53;70;100;100
172;201;100;100;100;82;46;64;100;100
215;199;100;100;100;82;33;52;100;100
202;206;100;100;100;76;53;70;100;100
208;213;100;100;100;64;40;70;100;100
208;208;100;100;100;58;46;94;100;100
147;200;100;100;100;47;33;100;100;100
58;197;100;100;100;41;53;100;100;100
38;194;100;100;100;35;53;100;100;100
15;192;100;100;100;41;40;94;100;100
13;192;100;100;100;47;46;100;100;100
31;198;100;100;100;47;46;100;100;100
42;204;100;100;100;47;40;88;100;100
32;199;100;100;100;58;40;94;100;100
46;199;100;100;100;58;53;88;100;100
189;198;100;100;100;52;53;76;100;100
199;207;100;100;100;47;33;76;100;100
202;213;100;100;100;47;46;88;100;100
198;205;100;100;100;47;40;100;100;100
145;196;100;100;94;35;53;100;100;100
58;196;100;100;88;35;66;100;100;100
39;192;100;100;88;35;66;100;100;100
17;194;100;100;100;47;53;100;100;100
8;195;100;100;100;47;40;88;100;100
49;204;100;100;100;58;33;88;100;100
31;210;100;100;100;64;33;76;100;100
24;199;100;100;100;82;33;70;100;100
23;201;100;100;100;94;46;70;100;100
43;203;100;100;100;88;60;52;100;100
183;196;100;100;100;88;53;47;100;100
206;205;100;100;100;88;53;58;100;100
211;212;100;100;100;82;53;64;100;100
211;205;100;100;100;94;53;52;100;100
196;197;100;100;100;82;46;70;100;100
193;198;100;100;100;76;53;70;100;100
201;195;100;100;100;64;53;70;100;100
159;194;100;100;100;52;53;76;100;100
53;199;100;100;100;64;46;70;100;100
35;197;100;100;100;64;53;70;100;100
14;190;100;100;100;82;40;58;100;100
11;202;100;100;100;88;53;41;100;100
21;209;100;100;100;94;66;52;100;100
37;201;100;100;100;100;60;35;81;100
60;201;100;100;100;100;73;35;50;100
174;198;100;100;100;100;73;35;37;100
202;202;100;100;100;100;73;35;50;100
216;212;100;100;100;100;66;41;43;100
216;204;100;100;100;94;66;47;68;100
197;199;100;100;100;100;46;41;68;100
205;196;100;100;100;94;53;41;87;100
192;197;100;100;100;82;33;52;87;100
189;195;100;100;100;70;26;41;100;100
174;199;100;100;100;64;33;35;100;100
70;201;100;100;100;58;33;35;100;100
58;191;100;100;100;58;26;41;100;100
10;191;100;100;100;82;33;35;87;100
8;200;100;100;100;76;33;47;81;100
32;203;100;100;100;94;46;35;68;100
190;201;100;100;100;100;66;35;68;100
215;203;100;100;100;88;53;35;62;100
213;215;100;100;100;82;53;47;75;100
208;210;100;100;100;82;40;41;93;100
188;190;100;100;100;82;33;41;100;100
190;194;100;100;100;64;33;35;100;100
209;208;100;100;100;58;33;35;100;100
207;204;100;100;100;52;33;52;100;100
195;198;100;100;100;41;33;58;100;100
203;202;100;100;88;47;33;70;100;100
198;199;100;100;83;29;33;70;100;100
204;198;100;100;72;29;46;76;100;100
204;200;100;100;55;35;33;100;100;100
194;199;100;100;44;29;53;100;100;100
180;203;100;100;38;35;53;100;100;100
72;199;100;94;38;29;73;100;100;100
59;191;100;100;38;35;73;100;100;100
15;187;100;100;38;29;53;100;100;100
11;194;100;100;44;29;53;100;100;100
19;198;100;100;61;29;53;100;100;100
35;201;100;100;72;29;40;94;100;100
38;195;100;100;77;35;33;88;100;100
157;202;100;100;88;29;33;70;100;100
199;208;100;100;83;23;33;82;100;100
204;211;100;100;77;17;33;88;100;100
205;214;100;100;66;29;53;94;100;100
154;196;100;100;55;29;40;100;100;100
77;199;100;100;61;29;46;100;100;100
34;201;100;100;66;29;40;100;100;100
14;189;100;100;77;23;46;82;100;100
8;199;100;100;88;29;33;82;100;100
7;196;100;100;100;29;33;70;100;100
49;199;100;100;100;35;33;70;100;100
47;200;100;100;100;47;26;52;100;100
33;202;100;100;100;64;33;52;100;100
178;204;100;100;100;64;33;35;100;100
205;208;100;100;100;64;33;41;100;100
211;210;100;100;100;64;33;52;100;100
216;213;100;100;100;47;33;47;100;100
182;185;100;100;100;47;33;52;100;100
187;188;100;100;100;35;26;64;100;100
177;202;100;100;100;35;26;58;100;100
71;201;100;100;100;29;26;70;100;100
38;191;100;100;100;47;26;64;100;100
15;194;100;100;100;47;33;52;100;100
7;196;100;100;100;52;33;47;100;100
18;201;100;100;100;58;33;52;100;100
34;205;100;100;100;76;40;35;100;100
29;199;100;100;100;82;40;29;87;100
28;199;100;100;100;94;33;35;68;100
97;201;100;100;100;100;53;35;56;100
195;197;100;100;100;100;53;35;50;100
207;204;100;100;100;100;73;35;50;100
216;219;100;100;100;100;60;35;68;100
215;212;100;100;100;94;53;35;68;100
194;193;100;100;100;100;53;35;81;100
200;198;100;100;100;82;40;35;75;100
202;199;100;100;100;88;40;35;93;100
194;195;100;100;100;82;40;35;93;100
149;197;100;100;100;82;33;35;100;100
54;194;100;100;100;76;33;41;100;100
35;188;100;100;100;70;33;47;87;100
22;206;100;100;100;88;53;35;81;100
178;206;100;100;100;94;60;35;75;100
199;202;100;100;100;82;53;35;81;100
222;212;100;100;100;88;53;35;68;100
205;204;100;100;100;94;53;35;87;100
191;194;100;100;100;82;46;35;93;100
199;198;100;100;100;70;33;41;100;100
200;197;100;100;100;82;46;47;100;100
183;203;100;100;100;70;40;52;100;100
66;199;100;100;100;64;33;41;100;100
52;198;100;100;100;64;33;52;100;100
19;193;100;100;100;82;33;35;93;100
8;191;100;100;100;82;53;35;87;100
3;193;100;100;100;88;40;35;87;100
44;200;100;100;100;100;60;35;62;100
40;199;100;100;100;100;66;35;50;100
80;209;100;100;100;100;80;35;50;100
193;203;100;100;100;100;86;41;43;100
200;206;100;100;100;100;100;41;43;100
211;215;100;100;100;100;93;35;43;100
209;197;100;100;100;100;73;35;50;100
193;191;100;100;100;100;60;35;50;100
195;197;100;100;100;100;73;35;56;100
200;196;100;100;100;100;53;35;56;100
195;204;100;100;100;100;53;35;50;100
204;200;100;100;100;100;46;35;75;100
203;199;100;100;100;82;33;35;68;100
195;201;100;100;100;76;33;35;87;100
202;198;100;100;100;64;33;47;100;100
141;200;100;100;100;47;33;52;100;100
48;199;100;100;100;47;13;52;100;100
40;192;100;100;100;47;33;41;100;100
19;193;100;100;100;52;33;41;100;100
8;194;100;100;100;76;33;41;100;100
36;195;100;100;100;76;33;35;93;100
35;197;100;100;100;88;46;35;81;100
31;198;100;100;100;94;40;35;75;100
91;200;100;100;100;100;40;35;81;100
194;202;100;100;100;88;53;29;62;100
198;199;100;100;100;100;46;35;68;100
214;225;100;100;100;88;46;17;87;100
208;214;100;100;100;82;33;29;87;100
191;195;100;100;100;64;46;35;93;100
199;199;100;100;100;70;33;35;100;100
147;199;100;100;100;70;33;35;100;100
51;202;100;100;100;64;33;52;100;100
39;194;100;100;100;76;40;47;100;100
26;187;100;100;100;82;40;41;100;100
182;198;100;100;100;88;46;41;100;100
204;200;100;100;100;64;33;52;100;100
206;209;100;100;100;58;33;41;100;100
218;214;100;100;100;52;33;52;100;100
203;197;100;100;100;58;33;52;100;100
200;199;100;100;100;47;33;64;100;100
205;201;100;100;100;35;33;58;100;100
196;198;100;100;100;47;33;70;100;100
203;205;100;100;100;29;33;76;100;100
199;197;100;100;94;29;26;76;100;100
193;196;100;100;88;29;46;88;100;100
143;200;100;100;83;29;33;100;100;100
66;199;100;100;77;29;33;100;100;100
41;190;100;100;88;35;40;88;100;100
16;192;100;100;100;41;33;76;100;100
6;194;100;100;100;41;33;64;100;100
61;203;100;100;100;52;33;52;100;100
198;199;100;100;100;47;33;52;100;100
201;205;100;100;100;58;33;52;100;100
204;214;100;100;100;52;33;58;100;100
204;209;100;100;100;58;26;52;100;100
203;200;100;100;100;58;26;52;100;100
189;199;100;100;100;58;26;52;100;100
204;204;100;100;100;52;26;58;100;100
205;199;100;100;100;52;33;47;100;100
196;193;100;100;100;64;33;58;100;100
202;200;100;100;100;52;33;58;100;100
200;204;100;100;100;47;26;52;100;100
201;194;100;100;100;52;26;52;100;100
204;199;100;100;100;52;26;58;100;100
194;203;100;100;100;47;33;58;100;100
204;202;100;100;100;58;33;52;100;100
203;208;100;100;100;58;33;52;100;100
194;195;100;100;100;52;33;52;100;100
202;199;100;100;100;52;33;52;100;100
201;203;100;100;100;47;33;58;100;100
199;196;100;100;100;47;33;52;100;100
204;200;100;100;100;47;33;52;100;100
195;198;100;100;100;41;33;58;100;100
200;195;100;100;100;52;26;58;100;100
204;211;100;100;100;47;26;64;100;100
197;206;100;100;100;47;26;58;100;100
198;195;100;100;100;47;26;47;100;100
195;200;100;100;100;47;33;52;100;100
201;200;100;100;100;47;26;64;100;100
201;201;100;100;100;47;20;70;100;100
198;199;100;100;100;47;26;70;100;100
205;201;100;100;100;47;26;70;100;100
204;201;100;100;100;41;26;70;100;100
198;196;100;100;100;41;20;64;100;100
206;199;100;100;94;47;33;70;100;100
195;202;100;100;100;41;26;70;100;100
197;197;100;100;88;47;33;70;100;100
202;201;100;100;94;47;33;70;100;100
196;199;100;100;94;29;33;64;100;100
204;199;100;100;100;41;33;58;100;100
204;204;100;100;100;41;33;64;100;100
195;197;100;100;88;47;33;64;100;100
199;198;100;100;94;47;26;52;100;100
125;197;100;100;100;47;13;52;100;100
50;197;100;100;100;52;20;52;100;100
31;192;100;100;100;47;26;41;100;100
153;198;100;100;100;58;33;35;100;100
204;199;100;100;100;64;26;35;100;100
196;205;100;100;100;64;40;41;100;100
206;209;100;100;100;70;33;41;100;100
209;210;100;100;100;76;33;52;100;100
197;194;100;100;100;58;33;52;100;100
203;195;100;100;100;64;33;52;100;100
198;200;100;100;100;52;20;52;100;100
197;199;100;100;100;58;33;52;100;100
199;200;100;100;100;52;26;47;100;100
196;208;100;100;100;47;33;52;100;100
205;199;100;100;100;52;26;52;100;100
199;203;100;100;100;58;26;58;100;100
196;203;100;100;100;47;33;52;100;100
201;199;100;100;100;47;40;58;100;100
198;201;100;100;100;47;33;58;100;100
200;198;100;100;100;47;26;64;100;100
205;199;100;100;100;47;33;70;100;100
196;203;100;100;100;47;33;70;100;100
201;196;100;100;100;47;33;70;100;100
202;204;100;100;100;29;33;76;100;100
195;198;100;100;100;41;33;76;100;100
200;198;100;100;100;29;33;76;100;100
196;199;100;100;94;35;40;82;100;100
199;197;100;100;94;29;33;76;100;100
149;199;100;100;100;41;33;70;100;100
56;202;100;100;100;47;33;88;100;100
39;190;100;100;100;47;33;70;100;100
23;194;100;100;100;58;40;52;100;100
58;194;100;100;100;70;33;52;100;100
195;199;100;100;100;52;33;52;100;100
209;208;100;100;100;70;33;41;100;100
211;215;100;100;100;70;33;35;100;100
214;205;100;100;100;64;33;35;100;100
197;192;100;100;100;76;40;35;100;100
190;191;100;100;100;70;33;47;100;100
204;204;100;100;100;70;40;41;100;100
203;202;100;100;100;82;40;35;100;100
200;200;100;100;100;82;46;35;93;100
203;202;100;100;100;94;53;35;100;100
197;204;100;100;100;100;46;35;100;100
203;198;100;100;100;82;53;35;93;100
197;200;100;100;100;100;53;35;87;100
198;199;100;100;100;94;53;35;93;100
208;203;100;100;100;100;60;29;87;100
194;192;100;100;100;94;53;35;93;100
199;194;100;100;100;94;53;35;87;100
203;202;100;100;100;82;53;35;81;100
199;198;100;100;100;100;53;35;93;100
206;201;100;100;100;100;46;35;93;100
202;205;100;100;100;94;46;35;87;100
194;197;100;100;100;88;53;41;93;100
201;202;100;100;100;82;53;47;93;100
195;203;100;100;100;88;53;29;87;100
201;200;100;100;100;94;40;47;100;100
204;203;100;100;100;64;46;41;100;100
195;198;100;100;100;76;46;47;100;100
199;200;100;100;100;70;33;35;100;100
202;203;100;100;100;58;33;41;100;100
198;196;100;100;100;64;33;52;100;100
207;203;100;100;100;52;26;52;100;100
196;198;100;100;100;52;33;58;100;100
200;198;100;100;100;52;26;58;100;100
131;201;100;100;100;58;33;70;100;100
47;199;100;100;100;41;33;58;100;100
18;192;100;100;100;58;33;52;100;100
16;195;100;100;100;64;33;47;100;100
23;194;100;100;100;82;46;47;100;100
181;200;100;100;100;88;40;41;100;100
212;204;100;100;100;82;46;35;100;100
213;213;100;100;100;88;46;35;100;100
211;212;100;100;100;82;40;41;100;100
199;195;100;100;100;64;33;35;100;100
192;194;100;100;100;64;33;47;100;100
205;204;100;100;100;47;33;52;100;100
202;192;100;100;100;58;33;47;100;100
199;202;100;100;100;47;33;70;100;100
208;203;100;100;100;47;33;64;100;100
194;199;100;100;100;41;33;70;100;100
197;201;100;100;100;41;33;88;100;100
204;199;100;100;88;29;33;88;100;100
197;199;100;100;83;35;46;94;100;100
137;204;100;100;72;29;33;100;100;100
64;193;100;100;83;29;40;100;100;100
38;191;100;100;77;29;33;94;100;100
15;187;100;100;94;35;46;88;100;100
23;194;100;100;100;47;26;82;100;100
201;198;100;100;100;52;33;76;100;100
203;199;100;100;100;41;33;70;100;100
204;210;100;100;94;41;33;70;100;100
206;220;100;100;100;47;33;82;100;100
204;202;100;100;100;41;26;82;100;100
202;205;100;100;88;35;33;82;100;100
196;196;100;100;94;23;33;88;100;100
202;195;100;100;83;29;33;88;100;100
156;200;100;100;72;29;46;100;100;100
56;197;100;100;83;47;46;88;100;100
33;196;100;100;94;35;33;88;100;100
23;195;100;100;100;29;40;82;100;100
12;193;100;100;100;47;26;76;100;100
84;201;100;100;100;47;33;58;100;100
206;198;100;100;100;64;33;64;100;100
205;201;100;100;100;64;33;52;100;100
197;211;100;100;100;64;40;52;100;100
210;212;100;100;100;64;46;52;100;100
204;202;100;100;100;64;33;52;100;100
198;197;100;100;100;76;33;52;100;100
201;198;100;100;100;64;33;47;100;100
195;202;100;100;100;64;26;52;100;100
199;196;100;100;100;70;33;52;100;100
202;200;100;100;100;52;33;64;100;100
204;206;100;100;100;47;33;58;100;100
205;198;100;100;100;47;33;70;100;100
196;198;100;100;100;29;33;70;100;100
201;202;100;100;100;47;33;70;100;100
198;196;100;100;94;47;33;70;100;100
192;201;100;100;88;29;33;88;100;100
175;197;100;100;77;41;46;94;100;100
72;202;100;100;83;29;40;94;100;100
52;195;100;100;94;29;40;100;100;100
17;192;100;100;88;29;33;82;100;100
13;197;100;100;100;47;40;70;100;100
61;202;100;100;100;47;33;70;100;100
185;194;100;100;100;52;33;70;100;100
203;204;100;100;100;47;40;52;100;100
207;211;100;100;100;47;33;70;100;100
209;209;100;100;100;41;33;70;100;100
211;202;100;100;100;47;33;88;100;100
201;198;100;100;100;35;46;88;100;100
202;201;100;100;88;35;33;94;100;100
201;199;100;100;77;29;40;100;100;100
196;197;100;100;66;29;53;100;100;100
203;204;100;100;55;35;60;100;100;100
195;196;100;100;50;29;53;100;100;100
131;198;100;100;38;35;86;100;100;100
61;201;100;94;38;29;93;100;100;100
40;196;100;100;27;47;80;100;100;100
4;196;100;100;44;41;86;100;100;100
14;195;100;100;66;41;80;100;100;100
95;200;100;100;72;47;86;100;100;100
198;209;100;100;72;41;93;100;100;100
196;204;100;100;61;41;80;100;100;100
210;213;100;100;55;41;86;100;100;100
197;204;100;100;44;23;73;100;100;100
189;197;100;94;33;41;86;100;100;100
67;201;100;88;33;41;100;100;100;100
36;196;100;76;33;41;93;100;100;100
153;186;100;88;33;35;86;100;100;100
195;198;100;94;33;29;93;100;100;100
195;203;100;82;27;29;93;100;100;100
207;213;100;82;22;41;100;100;100;100
210;207;100;64;27;47;100;100;100;100
201;192;100;58;22;47;100;100;100;100
161;197;100;41;22;58;100;100;100;100
77;196;100;41;22;58;100;100;100;100
37;192;100;52;22;58;100;100;100;100
27;195;100;58;27;47;100;100;100;100
14;193;100;70;22;47;100;100;100;100
20;195;100;76;27;35;100;100;100;100
40;203;100;88;38;35;93;100;100;100
36;207;100;100;50;29;73;100;100;100
25;209;100;100;61;29;46;100;100;100
23;205;100;100;72;35;53;100;100;100
27;194;100;100;88;29;33;88;100;100
32;202;100;100;100;47;46;88;100;100
32;195;100;100;100;47;33;64;100;100
30;200;100;100;100;64;40;52;100;100
37;203;100;100;100;76;46;47;100;100
162;196;100;100;100;82;46;35;93;100
205;202;100;100;100;100;53;47;75;100
212;217;100;100;100;88;53;35;75;100
209;210;100;100;100;94;60;41;68;100
201;202;100;100;100;100;66;35;75;100
194;158;100;100;100;100;73;41;56;100
204;59;100;100;100;100;66;35;68;100
194;59;100;100;100;100;66;29;62;100
189;20;100;100;100;100;53;35;87;100
199;7;100;100;100;82;40;35;100;100
193;49;100;100;100;76;33;35;100;100
192;196;100;100;100;64;26;52;100;100
199;200;100;100;100;64;40;52;100;100
205;209;100;100;100;47;33;52;100;100
209;209;100;100;100;47;33;52;100;100
198;192;100;100;100;58;33;52;100;100
199;204;100;100;100;47;33;58;100;100
207;201;100;100;100;47;33;58;100;100
198;196;100;100;100;52;33;52;100;100
199;196;100;100;100;47;33;52;100;100
205;199;100;100;100;47;33;70;100;100
193;199;100;100;100;29;33;64;100;100
202;202;100;100;100;47;26;70;100;100
199;198;100;100;100;47;26;58;100;100
197;203;100;100;100;47;26;70;100;100
208;198;100;100;100;47;33;70;100;100
131;200;100;100;100;41;26;76;100;100
60;200;100;100;100;41;26;70;100;100
38;196;100;100;100;47;33;58;100;100
15;188;100;100;100;58;40;52;100;100
91;194;100;100;100;82;26;52;100;100
215;197;100;100;100;76;53;35;93;100
207;207;100;100;100;82;46;41;100;100
203;212;100;100;100;94;53;35;100;100
215;212;100;100;100;88;40;47;100;100
195;204;100;100;100;88;40;35;87;100
194;195;100;100;100;94;46;35;93;100
199;203;100;100;100;94;40;35;87;100
206;208;100;100;100;100;40;35;93;100
208;194;100;100;100;88;46;35;93;100
194;195;100;100;100;76;40;41;100;100
195;197;100;100;100;64;40;47;100;100
202;198;100;100;100;76;40;52;100;100
196;199;100;100;100;70;33;52;100;100
204;206;100;100;100;58;33;47;100;100
205;204;100;100;100;58;33;47;100;100
194;200;100;100;100;52;33;58;100;100
199;199;100;100;100;52;33;58;100;100
169;207;100;100;100;35;33;58;100;100
57;195;100;100;100;47;26;64;100;100
37;190;100;100;100;47;33;47;100;100
16;193;100;100;100;76;20;52;100;100
157;196;100;100;100;76;40;35;100;100
203;200;100;100;100;70;40;35;100;100
203;211;100;100;100;76;40;47;100;100
216;211;100;100;100;82;46;41;100;100
203;208;100;100;100;82;40;35;100;100
189;195;100;100;100;88;40;47;100;100
200;196;100;100;100;88;33;47;93;100
198;197;100;100;100;82;33;52;93;100
198;201;100;100;100;82;33;47;100;100
203;203;100;100;100;82;40;41;100;100
197;203;100;100;100;94;46;35;100;100
203;195;100;100;100;82;53;41;100;100
205;204;100;100;100;76;40;47;100;100
200;197;100;100;100;76;40;41;100;100
206;199;100;100;100;82;46;47;100;100
195;200;100;100;100;82;33;47;100;100
199;199;100;100;100;70;46;47;100;100
202;197;100;100;100;70;40;47;100;100
197;202;100;100;100;82;46;52;100;100
205;199;100;100;100;64;40;41;100;100
204;208;100;100;100;76;40;52;100;100
194;198;100;100;100;64;33;52;100;100
198;194;100;100;100;64;33;52;100;100
199;199;100;100;100;58;26;52;100;100
204;205;100;100;100;70;33;52;100;100
207;202;100;100;100;64;33;52;100;100
194;196;100;100;100;64;33;41;100;100
198;195;100;100;100;70;33;41;100;100
202;199;100;100;100;52;33;58;100;100
201;199;100;100;100;52;33;52;100;100
208;200;100;100;100;64;33;52;100;100
196;202;100;100;100;64;33;52;100;100
199;199;100;100;100;58;33;47;100;100
204;204;100;100;100;58;33;47;100;100
195;210;100;100;100;64;33;47;100;100
202;201;100;100;100;58;33;52;100;100
201;204;100;100;100;58;33;47;100;100
195;196;100;100;100;64;26;52;100;100
203;200;100;100;100;58;33;47;100;100
199;203;100;100;100;58;33;52;100;100
203;197;100;100;100;58;33;52;100;100
203;201;100;100;100;58;33;52;100;100
197;204;100;100;100;58;33;58;100;100
202;199;100;100;100;70;40;52;100;100
196;201;100;100;100;52;33;52;100;100
193;197;100;100;100;47;33;58;100;100
203;196;100;100;100;52;33;52;100;100
197;198;100;100;100;52;33;58;100;100
200;200;100;100;100;52;26;70;100;100
199;201;100;100;100;47;33;70;100;100
196;203;100;100;100;35;26;70;100;100
206;197;100;100;100;35;33;82;100;100
203;199;100;100;94;47;33;70;100;100
195;199;100;100;100;41;33;88;100;100
206;201;100;100;88;29;33;88;100;100
198;204;100;100;88;29;33;88;100;100
199;196;100;100;77;29;33;94;100;100
198;195;100;100;77;29;46;88;100;100
193;198;100;100;83;41;46;94;100;100
204;201;100;100;77;29;40;100;100;100
205;203;100;100;72;35;40;100;100;100
195;196;100;100;66;35;46;94;100;100
201;200;100;100;55;29;53;100;100;100
160;201;100;100;55;29;60;100;100;100
55;197;100;100;55;29;60;100;100;100
42;190;100;100;61;23;46;100;100;100
25;194;100;100;72;23;40;100;100;100
88;196;100;100;83;29;40;94;100;100
202;196;100;100;88;47;33;88;100;100
196;199;100;100;88;29;46;88;100;100
208;218;100;100;83;41;40;88;100;100
212;217;100;100;77;29;40;88;100;100
195;196;100;100;88;35;33;94;100;100
202;199;100;100;83;35;40;88;100;100
201;211;100;100;83;41;46;94;100;100
194;199;100;100;77;29;33;94;100;100
199;197;100;100;72;41;33;94;100;100
198;196;100;100;77;41;40;94;100;100
204;202;100;100;77;29;53;100;100;100
201;202;100;100;72;41;33;100;100;100
194;196;100;100;72;29;33;100;100;100
201;197;100;100;77;29;33;100;100;100
201;201;100;100;66;23;40;100;100;100
199;203;100;100;72;29;46;100;100;100
207;202;100;100;72;23;53;94;100;100
194;194;100;100;66;29;46;100;100;100
201;201;100;100;61;29;53;100;100;100
203;201;100;100;61;17;53;100;100;100
193;198;100;100;61;29;53;100;100;100
200;199;100;100;61;29;46;100;100;100
197;199;100;100;61;29;46;100;100;100
192;201;100;100;55;29;46;100;100;100
203;201;100;100;55;29;46;100;100;100
196;200;100;100;55;29;53;100;100;100
203;203;100;100;66;29;46;100;100;100
205;199;100;100;66;23;53;100;100;100
200;199;100;100;50;17;53;100;100;100
205;202;100;100;55;29;53;100;100;100
197;197;100;100;50;29;60;100;100;100
198;193;100;100;44;35;66;100;100;100
197;189;100;100;38;35;73;100;100;100
198;196;100;94;38;35;80;100;100;100
207;209;100;100;38;29;80;100;100;100
208;213;100;94;38;41;86;100;100;100
196;203;100;94;38;41;93;100;100;100
200;202;100;88;33;35;93;100;100;100
198;195;100;88;27;47;93;100;100;100
201;200;100;76;33;35;100;100;100;100
209;206;100;70;22;41;100;100;100;100
195;198;100;64;22;41;100;100;100;100
202;199;100;64;22;47;100;100;100;100
153;198;100;47;22;52;100;100;100;100
60;196;100;47;22;58;100;100;100;100
30;200;100;52;22;47;100;100;100;100
20;193;100;70;27;41;100;100;100;100
185;192;100;76;38;47;100;100;100;100
215;201;100;88;27;41;100;100;100;100
197;208;100;82;27;41;100;100;100;100
209;218;100;88;33;41;100;100;100;100
196;195;100;88;22;47;100;100;100;100
189;189;100;82;22;47;100;100;100;100
204;208;100;76;27;47;93;100;100;100
203;202;100;76;33;47;100;100;100;100
196;201;100;82;38;47;100;100;100;100
205;205;100;76;38;35;100;100;100;100
195;197;100;76;33;47;100;100;100;100
198;198;100;82;38;47;100;100;100;100
202;197;100;82;27;47;93;100;100;100
198;197;100;76;22;41;93;100;100;100
204;205;100;82;38;47;93;100;100;100
199;197;100;82;27;41;100;100;100;100
140;199;100;100;22;41;100;100;100;100
58;200;100;88;38;47;93;100;100;100
46;189;100;100;44;29;80;100;100;100
67;188;100;100;50;41;60;100;100;100
188;203;100;100;72;29;40;100;100;100
192;210;100;100;72;41;53;94;100;100
217;223;100;100;83;35;33;100;100;100
216;206;100;100;77;29;33;100;100;100
197;194;100;100;88;29;33;82;100;100
200;199;100;100;94;41;33;82;100;100
196;198;100;100;94;41;33;76;100;100
204;199;100;100;100;41;33;82;100;100
205;198;100;100;94;41;33;82;100;100
195;198;100;100;100;47;33;70;100;100
200;204;100;100;100;47;33;70;100;100
195;186;100;100;100;47;33;58;100;100
196;96;100;100;100;52;33;64;100;100
198;176;100;100;100;41;33;70;100;100
193;180;100;100;100;47;20;82;100;100
200;196;100;100;100;41;33;52;100;100
209;206;100;100;100;47;40;70;100;100
199;199;100;100;100;47;33;70;100;100
205;202;100;100;100;47;33;58;100;100
204;210;100;100;100;47;20;64;100;100
200;200;100;100;100;47;26;58;100;100
202;200;100;100;100;58;33;64;100;100
196;203;100;100;100;52;20;70;100;100
203;198;100;100;100;47;33;52;100;100
202;203;100;100;100;47;26;52;100;100
192;198;100;100;100;52;33;58;100;100
202;198;100;100;100;47;33;52;100;100
199;187;100;100;100;47;33;52;100;100
200;68;100;100;100;41;33;58;100;100
197;40;100;100;100;47;33;58;100;100
185;31;100;100;100;47;33;70;100;100
197;206;100;100;88;29;40;76;100;100
200;212;100;100;88;29;33;94;100;100
203;199;100;100;83;41;33;100;100;100
221;208;100;100;83;29;40;100;100;100
199;205;100;100;72;41;46;100;100;100
197;199;100;100;61;29;53;100;100;100
204;204;100;100;61;29;53;100;100;100
194;197;100;100;55;23;53;100;100;100
198;196;100;100;61;29;53;100;100;100
200;204;100;100;55;35;66;100;100;100
193;200;100;100;55;29;60;100;100;100
202;199;100;100;50;29;73;100;100;100
201;202;100;100;44;29;60;100;100;100
202;197;100;100;38;29;73;100;100;100
206;201;100;100;50;35;73;100;100;100
197;197;100;100;44;35;86;100;100;100
166;197;100;100;33;35;86;100;100;100
103;199;100;94;38;29;73;100;100;100
183;191;100;100;38;29;73;100;100;100
182;189;100;100;38;41;80;100;100;100
205;210;100;100;33;35;73;100;100;100
207;208;100;88;38;47;86;100;100;100
205;201;100;88;27;41;93;100;100;100
203;201;100;88;33;41;93;100;100;100
196;198;100;88;33;47;93;100;100;100
196;196;100;70;38;41;100;100;100;100
195;193;100;76;22;47;100;100;100;100
198;199;100;64;22;47;100;100;100;100
153;204;100;64;27;47;100;100;100;100
63;203;100;64;33;47;100;100;100;100
33;199;100;64;27;41;100;100;100;100
18;189;100;94;38;35;93;100;100;100
151;193;100;100;33;41;73;100;100;100
207;204;100;100;44;41;73;100;100;100
198;204;100;100;38;35;73;100;100;100
209;212;100;100;38;29;86;100;100;100
214;212;100;100;33;29;93;100;100;100
195;195;100;100;38;29;80;100;100;100
197;199;100;100;38;29;80;100;100;100
201;200;100;100;44;35;73;100;100;100
196;203;100;94;44;47;80;100;100;100
203;204;100;94;38;41;80;100;100;100
202;197;100;94;44;41;73;100;100;100
194;198;100;94;33;41;73;100;100;100
202;202;100;94;33;35;73;100;100;100
202;203;100;88;38;41;73;100;100;100
203;202;100;94;33;35;80;100;100;100
202;196;100;94;33;29;80;100;100;100
195;198;100;94;38;41;93;100;100;100
201;202;100;88;38;35;93;100;100;100
198;199;100;94;27;41;93;100;100;100
194;201;100;88;27;41;93;100;100;100
202;204;100;88;27;47;86;100;100;100
198;199;100;76;22;35;93;100;100;100
199;202;100;76;27;35;93;100;100;100
201;197;100;70;22;29;100;100;100;100
196;201;100;64;27;29;100;100;100;100
203;204;100;64;38;41;100;100;100;100
201;199;100;64;33;47;100;100;100;100
201;199;100;58;27;41;100;100;100;100
208;202;100;58;22;47;100;100;100;100
197;198;100;47;22;52;100;100;100;100
198;204;100;52;22;52;100;100;100;100
202;196;100;41;22;52;100;100;100;100
195;199;100;41;22;64;100;100;100;100
204;197;100;41;22;64;100;100;100;100
203;198;100;29;22;70;100;100;100;100
196;199;100;23;27;70;100;100;100;100
200;201;78;29;33;76;100;100;100;100
196;199;78;29;27;82;100;100;100;100
202;206;78;23;22;100;100;100;100;100
205;197;71;29;27;94;100;100;100;100
162;204;71;23;38;94;100;100;100;100
61;204;57;23;38;100;100;100;100;100
43;193;64;23;38;100;100;100;100;100
64;189;100;35;27;88;100;100;100;100
197;200;100;41;22;76;100;100;100;100
201;208;100;23;27;76;100;100;100;100
218;224;100;23;22;82;100;100;100;100
213;207;78;29;27;82;100;100;100;100
192;196;85;23;33;82;100;100;100;100
198;196;78;29;27;76;100;100;100;100
198;198;71;29;27;82;100;100;100;100
135;199;57;35;33;82;100;100;100;100
46;198;64;23;33;82;100;100;100;100
46;196;78;29;27;76;100;100;100;100
107;195;100;35;22;70;100;100;100;100
188;196;100;41;22;58;100;100;100;100
196;207;100;41;27;64;100;100;100;100
218;211;100;41;22;64;100;100;100;100
212;206;100;35;27;64;100;100;100;100
203;199;100;41;22;64;100;100;100;100
198;197;100;41;22;64;100;100;100;100
195;198;100;35;22;64;100;100;100;100
202;200;100;35;22;64;100;100;100;100
128;198;100;41;22;64;100;100;100;100
38;195;100;41;16;52;100;100;100;100
93;190;100;41;22;52;100;100;100;100
194;194;100;58;22;47;100;100;100;100
195;202;100;64;22;47;100;100;100;100
207;216;100;58;27;47;100;100;100;100
209;204;100;70;22;47;100;100;100;100
196;199;100;64;27;41;100;100;100;100
204;199;100;58;22;41;100;100;100;100
204;201;100;64;22;29;100;100;100;100
198;195;100;58;22;47;100;100;100;100
150;199;100;64;22;41;100;100;100;100
62;200;100;64;22;41;100;100;100;100
34;194;100;76;22;35;93;100;100;100
170;194;100;88;38;29;73;100;100;100
194;199;100;94;33;29;73;100;100;100
213;206;100;100;38;41;73;100;100;100
212;217;100;100;33;35;80;100;100;100
205;205;100;88;33;29;73;100;100;100
199;196;100;94;38;29;73;100;100;100
196;199;100;88;33;29;80;100;100;100
199;197;100;94;33;35;100;100;100;100
190;199;100;88;33;35;93;100;100;100
83;205;100;88;38;41;73;100;100;100
36;192;100;100;44;41;80;100;100;100
31;194;100;100;50;29;66;100;100;100
188;193;100;100;55;29;33;100;100;100
205;197;100;100;66;29;53;100;100;100
207;210;100;100;66;35;46;94;100;100
217;210;100;100;66;23;46;88;100;100
195;195;100;100;77;29;40;100;100;100
201;200;100;100;83;23;33;94;100;100
204;202;100;100;83;29;33;88;100;100
192;202;100;100;83;29;33;88;100;100
199;195;100;100;88;29;33;82;100;100
201;201;100;100;88;41;33;88;100;100
199;201;100;100;88;35;33;64;100;100
203;198;100;100;94;41;33;70;100;100
195;144;100;100;100;41;33;70;100;100
198;72;100;100;94;35;33;70;100;100
195;30;100;100;88;35;26;76;100;100
189;13;100;100;83;29;46;94;100;100
198;79;100;100;61;29;33;94;100;100
196;215;100;100;44;17;46;100;100;100
200;206;100;100;38;23;60;100;100;100
211;205;100;100;38;17;53;100;100;100
209;207;100;94;33;29;66;100;100;100
198;194;100;82;38;29;86;100;100;100
193;197;100;76;33;41;93;100;100;100
196;200;100;70;22;41;100;100;100;100
205;203;100;64;27;47;100;100;100;100
198;195;100;47;27;47;100;100;100;100
201;203;100;47;27;52;100;100;100;100
206;203;100;41;22;58;100;100;100;100
195;192;100;41;27;64;100;100;100;100
203;197;100;35;22;76;100;100;100;100
204;200;78;23;22;76;100;100;100;100
151;201;78;29;33;82;100;100;100;100
97;205;100;29;22;88;100;100;100;100
188;190;85;23;27;76;100;100;100;100
186;194;85;23;33;82;100;100;100;100
201;209;100;29;33;100;100;100;100;100
212;209;71;23;33;100;100;100;100;100
197;198;64;23;44;100;100;100;100;100
198;201;57;23;44;100;100;100;100;100
200;201;57;23;50;100;100;100;100;100
199;202;35;23;55;100;100;100;100;100
208;200;35;29;55;100;100;100;100;100
198;204;35;29;66;100;100;100;100;100
200;203;35;29;72;100;100;100;100;100
140;197;28;35;72;100;100;100;100;100
54;196;35;29;77;100;100;100;100;100
44;195;35;29;61;100;100;100;100;100
18;196;50;23;61;100;100;100;100;100
28;199;42;29;55;100;100;100;100;100
179;198;57;23;38;100;100;100;100;100
209;205;85;23;38;100;100;100;100;100
207;218;78;23;38;100;100;100;100;100
207;209;78;17;33;94;100;100;100;100
199;194;71;29;38;100;100;100;100;100
190;195;78;23;38;100;100;100;100;100
204;201;64;23;38;100;100;100;100;100
201;201;71;23;38;94;100;100;100;100
191;197;71;35;44;100;100;100;100;100
119;201;64;23;38;88;100;100;100;100
60;198;78;29;38;94;100;100;100;100
58;192;78;41;22;88;100;100;100;100
183;193;100;41;22;70;100;100;100;100
197;202;100;29;27;64;100;100;100;100
214;213;100;47;22;64;100;100;100;100
208;218;100;35;22;52;100;100;100;100
200;197;100;41;22;64;100;100;100;100
196;199;100;41;22;64;100;100;100;100
194;192;100;47;22;70;100;100;100;100
199;196;100;52;27;82;100;100;100;100
195;201;100;58;33;64;100;100;100;100
199;200;100;58;33;64;100;100;100;100
202;201;100;52;22;64;100;100;100;100
198;206;100;58;27;58;100;100;100;100
207;199;100;58;22;58;100;100;100;100
204;202;100;52;27;52;100;100;100;100
199;205;100;47;22;58;100;100;100;100
207;197;100;47;22;64;100;100;100;100
197;197;100;52;22;64;100;100;100;100
203;198;100;35;22;64;100;100;100;100
199;198;100;41;22;70;100;100;100;100
197;198;100;47;27;64;100;100;100;100
205;196;100;41;27;64;100;100;100;100
203;204;100;35;27;64;100;100;100;100
196;199;100;41;27;70;100;100;100;100
196;194;100;41;22;82;100;100;100;100
194;200;100;35;22;64;100;100;100;100
202;202;92;29;22;64;100;100;100;100
208;201;100;35;22;70;100;100;100;100
198;202;92;35;22;70;100;100;100;100
203;196;85;29;33;82;100;100;100;100
201;202;92;35;33;82;100;100;100;100
199;203;92;23;38;100;100;100;100;100
206;197;92;41;22;100;100;100;100;100
193;199;78;23;38;88;100;100;100;100
197;198;71;23;33;100;100;100;100;100
202;202;64;23;38;100;100;100;100;100
199;202;57;23;44;100;100;100;100;100
206;198;50;23;38;100;100;100;100;100
202;202;57;23;50;100;100;100;100;100
195;199;35;23;44;100;100;100;100;100
202;198;42;23;55;100;100;100;100;100
193;202;42;23;50;100;100;100;100;100
198;199;42;29;55;100;100;100;100;100
207;203;50;17;61;100;100;100;100;100
196;207;35;29;66;100;100;100;100;100
200;192;35;23;55;100;100;100;100;100
199;201;35;29;66;100;100;100;100;100
192;202;28;23;66;100;100;100;100;100
199;199;35;35;66;100;100;100;100;100
201;199;28;35;61;100;100;100;100;100
202;203;35;35;77;100;100;100;100;100
199;199;35;41;77;100;100;100;100;100
199;208;28;41;88;100;100;100;100;100
138;197;28;41;88;100;100;100;100;100
50;202;21;35;83;100;100;100;100;100
41;188;35;29;61;100;100;100;100;100
178;192;35;23;61;100;100;100;100;100
196;196;42;23;55;100;100;100;100;100
211;209;50;35;55;100;100;100;100;100
213;216;50;35;72;100;100;100;100;100
205;196;35;35;61;100;100;100;100;100
195;192;35;23;66;100;100;100;100;100
198;201;35;35;61;100;100;100;100;100
204;199;35;23;72;100;100;100;100;100
200;197;28;35;72;100;100;100;100;100
200;203;28;41;61;100;100;100;100;100
199;196;35;23;77;100;100;100;100;100
195;197;21;35;83;100;100;100;100;100
204;202;28;41;94;100;100;100;100;100
203;198;14;47;100;100;100;100;100;100
198;206;35;47;94;100;100;100;100;100
203;195;14;41;100;100;100;100;100;100
198;198;14;70;100;100;100;100;100;100
152;204;21;58;100;100;100;100;100;100
61;198;35;64;100;100;100;100;100;100
20;192;35;76;100;100;100;100;100;100
14;191;14;47;100;100;100;100;100;100
164;193;28;41;88;100;100;100;100;100
196;203;28;41;72;100;100;100;100;100
204;208;28;41;77;100;100;100;100;100
212;215;28;41;88;100;100;100;100;100
199;203;14;47;88;100;100;100;100;100
163;198;28;41;88;100;100;100;100;100
51;201;14;47;94;100;100;100;100;100
38;202;21;41;77;100;100;100;100;100
11;185;35;35;72;100;100;100;100;100
7;195;42;23;55;100;100;100;100;100
91;196;57;29;44;100;100;100;100;100
198;200;64;23;33;94;100;100;100;100
208;203;71;17;38;82;100;100;100;100
211;216;64;23;33;94;100;100;100;100
215;214;71;23;27;82;100;100;100;100
202;201;85;23;38;100;100;100;100;100
192;197;64;29;44;94;100;100;100;100
204;206;78;29;61;100;100;100;100;100
197;194;71;35;44;100;100;100;100;100
193;198;64;23;27;94;100;100;100;100
200;202;57;23;33;88;100;100;100;100
197;198;57;23;38;94;100;100;100;100
199;198;57;23;38;94;100;100;100;100
201;202;50;29;38;100;100;100;100;100
198;197;57;23;38;100;100;100;100;100
207;207;50;23;38;100;100;100;100;100
202;198;42;23;55;100;100;100;100;100
197;198;50;23;55;100;100;100;100;100
185;197;35;29;61;100;100;100;100;100
88;196;28;41;55;100;100;100;100;100
39;197;35;23;44;100;100;100;100;100
15;196;42;35;44;100;100;100;100;100
37;193;71;23;38;100;100;100;100;100
198;200;92;23;27;82;100;100;100;100
209;201;78;23;22;82;100;100;100;100
203;210;100;35;22;76;100;100;100;100
213;214;92;29;22;82;100;100;100;100
206;196;100;35;22;76;100;100;100;100
194;194;100;41;22;88;100;100;100;100
200;200;100;23;38;82;100;100;100;100
196;195;85;35;33;82;100;100;100;100
195;204;100;52;66;100;100;100;100;100
208;204;100;100;94;100;100;100;100;100
197;195;100;94;100;100;100;100;100;100
199;201;78;58;83;100;100;100;100;100
201;200;71;41;77;100;100;100;100;100
198;202;71;35;77;100;100;100;100;100
205;203;64;52;88;100;100;100;100;100
197;197;57;41;88;100;100;100;100;100
193;199;42;41;94;100;100;100;100;100
203;198;50;58;94;100;100;100;100;100
196;200;42;58;100;100;100;100;100;100
203;201;50;58;100;100;100;100;100;100
201;201;21;82;100;100;100;100;100;100
197;202;35;82;100;100;100;100;100;100
139;203;35;76;100;100;100;100;100;100
61;197;35;82;100;100;100;100;100;100
31;201;35;76;100;100;100;100;100;100
92;190;50;58;94;100;100;100;100;100
191;194;50;47;88;100;100;100;100;100
202;202;42;47;94;100;100;100;100;100
214;213;35;58;94;100;100;100;100;100
210;213;50;58;94;100;100;100;100;100
201;194;42;58;94;100;100;100;100;100
192;196;28;58;100;100;100;100;100;100
196;206;42;58;100;100;100;100;100;100
198;200;42;64;100;100;100;100;100;100
196;197;35;76;100;100;100;100;100;100
201;196;35;70;100;100;100;100;100;100
183;200;35;70;100;100;100;100;100;100
73;204;35;76;100;100;100;100;100;100
36;197;35;76;100;100;100;100;100;100
28;190;57;58;100;100;100;100;100;100
15;194;64;41;83;100;100;100;100;100
196;196;78;41;72;100;100;100;100;100
212;208;92;41;72;100;100;100;100;100
212;220;78;41;66;100;100;100;100;100
219;204;78;41;61;100;100;100;100;100
191;190;78;41;66;100;100;100;100;100
196;196;85;41;66;100;100;100;100;100
202;198;100;41;72;100;100;100;100;100
193;199;85;41;66;100;100;100;100;100
205;198;92;41;72;100;100;100;100;100
162;202;78;41;77;100;100;100;100;100
66;202;85;47;72;100;100;100;100;100
15;196;100;41;66;100;100;100;100;100
11;196;100;47;55;100;100;100;100;100
78;201;100;70;50;94;100;100;100;100
194;194;100;82;38;82;100;100;100;100
202;199;100;94;38;82;100;100;100;100
207;210;100;94;38;64;100;100;100;100
218;211;100;100;38;64;100;100;100;100
197;197;100;100;38;76;100;100;100;100
197;199;100;100;38;70;100;100;100;100
203;200;100;100;38;64;100;100;100;100
199;203;100;100;50;58;100;100;100;100
204;202;100;100;44;64;100;100;100;100
203;202;100;100;55;47;100;100;100;100
189;195;100;100;50;52;100;100;100;100
200;198;100;100;55;52;100;100;100;100
201;204;100;100;61;52;100;100;100;100
198;195;100;100;55;52;100;100;100;100
203;204;100;100;55;47;100;100;100;100
196;202;100;100;61;52;100;100;100;100
200;196;100;100;66;47;100;100;100;100
201;201;100;100;55;47;100;100;100;100
199;197;100;100;61;47;100;100;100;100
207;197;100;100;61;52;100;100;100;100
137;197;100;100;66;52;100;100;100;100
56;199;100;100;61;47;100;100;100;100
34;200;100;100;72;47;93;100;100;100
16;190;100;100;88;47;73;100;100;100
161;193;100;100;100;47;53;100;100;100
213;199;100;100;100;52;53;100;100;100
207;212;100;100;100;47;53;100;100;100
221;216;100;100;100;52;53;100;100;100
202;194;100;100;100;52;53;100;100;100
188;191;100;100;100;58;53;100;100;100
202;202;100;100;100;64;53;100;100;100
199;198;100;100;100;58;33;82;100;100
200;199;100;100;100;58;46;88;100;100
206;203;100;100;100;52;53;100;100;100
199;196;100;100;100;52;40;100;100;100
204;199;100;100;100;52;46;100;100;100
202;202;100;100;100;64;53;88;100;100
196;199;100;100;100;64;53;88;100;100
205;206;100;100;100;70;46;100;100;100
195;197;100;100;100;52;46;94;100;100
199;198;100;100;100;47;40;100;100;100
205;200;100;100;100;64;53;100;100;100
194;198;100;100;100;47;53;94;100;100
200;202;100;100;100;58;53;100;100;100
198;199;100;100;100;58;53;100;100;100
198;197;100;100;100;52;53;100;100;100
204;210;100;100;100;58;53;100;100;100
191;204;100;100;100;58;53;100;100;100
191;198;100;100;100;52;53;100;100;100
201;200;100;100;100;47;60;100;100;100
205;196;100;100;100;47;73;100;100;100
213;200;100;100;100;47;60;100;100;100
206;202;100;100;100;47;66;100;100;100
195;192;100;100;94;41;66;100;100;100
202;202;100;100;88;41;66;100;100;100
201;201;100;100;88;41;73;100;100;100
202;200;100;100;88;47;80;100;100;100
203;201;100;100;88;41;73;100;100;100
192;195;100;100;94;41;80;100;100;100
200;197;100;100;88;47;80;100;100;100
201;198;100;100;77;47;86;100;100;100
198;198;100;100;77;47;93;100;100;100
206;206;100;100;72;47;93;100;100;100
195;199;100;100;61;47;93;100;100;100
201;198;100;100;66;47;100;100;100;100
202;200;100;100;61;47;100;100;100;100
192;199;100;100;55;47;100;100;100;100
200;201;100;100;61;47;100;100;100;100
199;202;100;100;55;47;100;100;100;100
193;145;100;100;61;58;100;100;100;100
201;94;100;100;55;47;100;100;100;100
193;188;100;100;38;58;100;100;100;100
198;185;100;100;38;64;100;100;100;100
211;200;100;88;38;70;100;100;100;100
207;209;100;82;38;76;100;100;100;100
203;198;100;76;38;82;100;100;100;100
199;198;100;76;38;76;100;100;100;100
197;202;100;76;38;94;100;100;100;100
203;196;100;58;44;88;100;100;100;100
196;207;100;58;44;100;100;100;100;100
204;201;100;52;50;100;100;100;100;100
206;199;100;41;50;100;100;100;100;100
193;201;100;29;55;100;100;100;100;100
199;195;100;41;55;100;100;100;100;100
199;197;78;41;66;100;100;100;100;100
198;200;64;41;72;100;100;100;100;100
207;201;64;47;88;100;100;100;100;100
198;209;50;47;83;100;100;100;100;100
201;197;35;58;100;100;100;100;100;100
203;199;42;64;100;100;100;100;100;100
180;203;35;76;100;100;100;100;100;100
66;198;35;76;100;100;100;100;100;100
33;197;35;82;100;100;100;100;100;100
28;189;35;82;100;100;100;100;100;100
61;191;50;58;100;100;100;100;100;100
195;204;57;52;88;100;100;100;100;100
203;204;57;47;100;100;100;100;100;100
209;211;57;58;100;100;100;100;100;100
212;215;35;76;100;100;100;100;100;100
197;193;50;64;100;100;100;100;100;100
199;198;35;76;100;100;100;100;100;100
157;200;42;76;100;100;100;100;100;100
56;198;35;82;100;100;100;100;100;100
39;198;35;70;100;100;100;100;100;100
179;190;42;70;100;100;100;100;100;100
200;197;50;58;100;100;100;100;100;100
208;215;35;64;100;100;100;100;100;100
217;210;50;76;100;100;100;100;100;100
150;196;35;76;100;100;100;100;100;100
71;195;35;76;100;100;100;100;100;100
28;192;42;64;100;100;100;100;100;100
28;198;50;70;100;100;100;100;100;100
7;193;57;41;100;100;100;100;100;100
21;197;85;41;72;100;100;100;100;100
65;205;100;35;50;100;100;100;100;100
192;200;100;52;55;100;100;100;100;100
198;206;100;52;44;100;100;100;100;100
213;216;100;52;38;100;100;100;100;100
204;204;100;64;38;94;100;100;100;100
190;202;100;47;50;100;100;100;100;100
201;198;100;58;44;100;100;100;100;100
199;198;100;47;44;100;100;100;100;100
198;199;100;52;44;94;100;100;100;100
203;196;100;52;38;100;100;100;100;100
197;199;100;47;55;100;100;100;100;100
202;201;100;58;44;100;100;100;100;100
204;200;100;47;50;94;100;100;100;100
197;207;100;52;50;100;100;100;100;100
145;199;100;52;44;100;100;100;100;100
52;198;100;58;38;94;100;100;100;100
31;193;100;70;27;76;100;100;100;100
11;192;100;88;38;70;100;100;100;100
8;200;100;100;38;52;100;100;100;100
27;197;100;100;55;41;100;100;100;100
51;199;100;100;72;41;80;100;100;100
45;208;100;100;77;41;73;100;100;100
183;201;100;100;94;41;60;100;100;100
212;203;100;100;100;47;53;88;100;100
218;214;100;100;100;47;53;88;100;100
206;202;100;100;100;52;46;94;100;100
194;196;100;100;100;64;53;88;100;100
194;195;100;100;100;64;46;70;100;100
206;199;100;100;100;82;53;70;100;100
204;202;100;100;100;82;46;58;100;100
198;199;100;100;100;82;53;64;100;100
204;200;100;100;100;88;53;52;100;100
196;199;100;100;100;100;53;52;100;100
201;202;100;100;100;100;66;41;100;100
206;205;100;100;100;100;66;47;100;100
192;196;100;100;100;100;73;52;93;100
199;195;100;100;100;100;93;52;87;100
199;206;100;100;100;100;100;52;87;100
199;201;100;100;100;100;100;52;75;100
206;199;100;100;100;100;100;52;68;100
195;203;100;100;100;100;100;64;62;100
151;198;100;100;100;100;100;52;56;100
60;196;100;100;100;100;100;64;62;100
14;193;100;100;100;100;100;70;62;100
14;194;100;100;100;100;100;88;56;75
4;201;100;100;100;100;100;100;75;50
55;198;100;100;100;100;100;100;87;66
190;196;100;100;100;100;100;100;93;58
199;203;100;100;100;100;100;100;100;50
217;213;100;100;100;100;100;100;100;58
206;205;100;100;100;100;100;100;100;58
198;196;100;100;100;100;100;100;100;58
197;204;100;100;100;100;100;100;100;66
195;206;100;100;100;100;100;100;100;75
200;199;100;100;100;100;100;100;100;75
195;200;100;100;100;100;100;100;100;58
197;202;100;100;100;100;100;100;100;75
202;199;100;100;100;100;100;100;100;66
199;203;100;100;100;100;100;100;100;66
204;197;100;100;100;100;100;100;100;58
196;201;100;100;100;100;100;100;100;58
198;205;100;100;100;100;100;100;100;58
208;198;100;100;100;100;100;100;100;58
197;197;100;100;100;100;100;100;100;58
198;200;100;100;100;100;100;100;93;50
203;199;100;100;100;100;100;100;87;41
200;202;100;100;100;100;100;100;75;50
207;196;100;100;100;100;100;100;68;58
189;200;100;100;100;100;100;100;50;66
69;202;100;100;100;100;100;88;68;75
43;191;100;100;100;100;100;100;68;75
4;189;100;100;100;100;100;100;50;75
4;198;100;100;100;100;100;100;62;58
26;198;100;100;100;100;100;100;81;66
44;203;100;100;100;100;100;100;87;41
38;199;100;100;100;100;100;100;100;58
39;198;100;100;100;100;100;100;100;66
180;203;100;100;100;100;100;100;100;58
195;201;100;100;100;100;100;100;100;75
209;212;100;100;100;100;100;100;100;50
213;213;100;100;100;100;100;100;93;50
198;195;100;100;100;100;100;100;93;50
201;196;100;100;100;100;100;100;87;66
196;198;100;100;100;100;100;100;68;58
201;198;100;100;100;100;100;100;62;83
137;210;100;100;100;100;100;94;50;91
62;198;100;100;100;100;100;88;56;91
44;188;100;100;100;100;100;88;62;66
18;188;100;100;100;100;100;100;62;58
8;193;100;100;100;100;100;100;68;58
71;197;100;100;100;100;100;100;81;41
186;200;100;100;100;100;100;100;81;50
199;202;100;100;100;100;100;100;75;66
200;214;100;100;100;100;100;100;68;58
206;212;100;100;100;100;100;100;62;58
216;213;100;100;100;100;100;100;56;75
190;197;100;100;100;100;100;70;62;100
195;197;100;100;100;100;100;64;56;100
201;202;100;100;100;100;100;52;62;100
198;199;100;100;100;100;93;64;62;100
134;206;100;100;100;100;80;47;87;100
49;196;100;100;100;100;73;41;100;100
49;188;100;100;100;100;73;47;100;100
17;193;100;100;100;100;73;41;87;100
8;196;100;100;100;100;86;41;87;100
5;203;100;100;100;100;93;41;75;100
52;198;100;100;100;100;93;47;81;100
43;197;100;100;100;100;100;47;81;100
28;201;100;100;100;100;100;52;68;100
22;203;100;100;100;100;100;52;75;100
39;198;100;100;100;100;100;58;68;100
180;198;100;100;100;100;100;52;68;100
204;204;100;100;100;100;100;52;81;100
208;215;100;100;100;100;86;47;81;100
210;212;100;100;100;100;86;47;87;100
199;192;100;100;100;100;73;52;100;100
190;198;100;100;100;100;73;47;100;100
203;198;100;100;100;100;53;58;100;100
200;199;100;100;100;88;53;58;100;100
198;204;100;100;100;82;40;70;100;100
204;203;100;100;100;64;53;70;100;100
196;199;100;100;100;64;40;100;100;100
137;201;100;100;100;58;53;94;100;100
48;197;100;100;100;47;46;100;100;100
36;196;100;100;100;52;53;94;100;100
15;193;100;100;100;58;46;88;100;100
29;192;100;100;100;76;33;76;100;100
187;189;100;100;100;82;33;64;100;100
199;194;100;100;100;76;40;88;100;100
218;213;100;100;100;64;46;100;100;100
210;216;100;100;100;64;53;88;100;100
198;202;100;100;100;58;46;100;100;100
200;200;100;100;100;52;53;94;100;100
197;204;100;100;100;47;53;100;100;100
198;197;100;100;100;47;60;100;100;100
198;204;100;100;100;47;53;100;100;100
198;198;100;100;100;47;73;100;100;100
207;199;100;100;100;41;73;100;100;100
156;200;100;100;94;41;73;100;100;100
66;198;100;100;100;35;60;100;100;100
43;195;100;100;100;41;66;100;100;100
19;194;100;100;100;52;46;100;100;100
168;196;100;100;100;52;46;100;100;100
205;200;100;100;100;52;46;88;100;100
204;203;100;100;100;58;53;100;100;100
220;212;100;100;100;64;53;100;100;100
199;210;100;100;100;52;53;100;100;100
193;191;100;100;100;47;46;100;100;100
202;196;100;100;100;47;53;100;100;100
195;199;100;100;100;47;73;100;100;100
201;198;100;100;88;47;60;100;100;100
206;205;100;100;83;41;93;100;100;100
197;196;100;100;77;41;73;100;100;100
202;197;100;100;72;47;93;100;100;100
162;205;100;100;61;47;93;100;100;100
55;198;100;100;61;47;93;100;100;100
55;194;100;100;61;35;86;100;100;100
20;196;100;100;83;47;80;100;100;100
150;195;100;100;83;41;66;100;100;100
213;200;100;100;100;35;73;100;100;100
198;206;100;100;94;47;66;100;100;100
218;220;100;100;88;41;60;100;100;100
206;204;100;100;83;41;80;100;100;100
185;192;100;100;88;29;86;100;100;100
199;199;100;100;77;29;93;100;100;100
199;204;100;100;72;35;86;100;100;100
133;195;100;100;66;41;100;100;100;100
54;200;100;100;72;41;93;100;100;100
63;189;100;100;83;41;86;100;100;100
188;188;100;100;88;41;80;100;100;100
189;199;100;100;83;35;93;100;100;100
205;210;100;100;72;35;86;100;100;100
213;215;100;100;61;35;93;100;100;100
208;207;100;100;61;47;100;100;100;100
207;196;100;100;50;52;100;100;100;100
193;205;100;94;38;47;100;100;100;100
198;195;100;94;38;64;100;100;100;100
164;198;100;76;38;70;100;100;100;100
58;202;100;70;33;82;100;100;100;100
30;195;100;70;38;76;100;100;100;100
13;193;100;94;33;52;100;100;100;100
12;197;100;100;44;64;100;100;100;100
20;204;100;100;55;35;100;100;100;100
71;209;100;100;55;47;100;100;100;100
179;196;100;100;61;29;100;100;100;100
207;201;100;100;72;41;93;100;100;100
213;212;100;100;55;47;100;100;100;100
211;207;100;100;38;58;100;100;100;100
195;198;100;94;44;47;100;100;100;100
195;197;100;94;27;64;100;100;100;100
150;198;100;76;33;64;100;100;100;100
58;203;100;76;38;82;100;100;100;100
58;188;100;82;33;70;100;100;100;100
5;192;100;94;33;64;100;100;100;100
4;202;100;100;50;52;100;100;100;100
22;198;100;100;55;47;93;100;100;100
46;200;100;100;72;41;86;100;100;100
41;202;100;100;77;41;86;100;100;100
30;201;100;100;88;47;73;100;100;100
44;207;100;100;100;41;53;100;100;100
189;199;100;100;100;52;53;88;100;100
207;200;100;100;100;47;46;94;100;100
217;216;100;100;100;47;53;100;100;100
217;204;100;100;100;47;53;100;100;100
196;198;100;100;100;47;53;100;100;100
195;198;100;100;100;41;53;100;100;100
199;197;100;100;94;35;60;100;100;100
193;199;100;100;94;35;73;100;100;100
202;198;100;100;88;35;60;100;100;100
204;198;100;100;72;29;93;100;100;100
195;201;100;100;83;29;86;100;100;100
200;199;100;100;55;29;100;100;100;100
161;205;100;100;61;47;93;100;100;100
48;196;100;100;61;41;100;100;100;100
37;193;100;100;66;41;100;100;100;100
15;197;100;100;72;35;80;100;100;100
8;194;100;100;88;35;73;100;100;100
36;201;100;100;94;41;66;100;100;100
77;201;100;100;100;58;46;100;100;100
194;198;100;100;100;47;33;88;100;100
201;213;100;100;100;52;46;88;100;100
221;212;100;100;100;47;40;100;100;100
209;202;100;100;100;47;40;100;100;100
188;194;100;100;100;47;53;100;100;100
198;196;100;100;100;35;60;100;100;100
201;196;100;100;88;35;46;100;100;100
143;202;100;100;88;35;73;100;100;100
71;203;100;100;88;41;73;100;100;100
35;194;100;100;100;35;66;100;100;100
11;191;100;100;100;41;53;100;100;100
9;195;100;100;100;58;40;88;100;100
175;201;100;100;100;64;33;88;100;100
202;198;100;100;100;64;33;88;100;100
216;214;100;100;100;52;40;88;100;100
221;214;100;100;100;64;40;88;100;100
202;196;100;100;100;47;53;100;100;100
202;196;100;100;100;41;53;100;100;100
196;197;100;100;100;41;53;100;100;100
195;197;100;100;88;35;53;100;100;100
202;202;100;100;83;35;73;100;100;100
199;200;100;100;83;35;73;100;100;100
146;200;100;100;72;41;93;100;100;100
49;201;100;100;72;35;93;100;100;100
49;192;100;100;72;29;73;100;100;100
19;195;100;100;88;29;73;100;100;100
8;195;100;100;100;47;53;100;100;100
27;197;100;100;100;47;53;100;100;100
196;198;100;100;100;52;53;94;100;100
206;203;100;100;100;58;53;100;100;100
220;214;100;100;100;47;53;100;100;100
205;208;100;100;100;35;53;100;100;100
201;198;100;100;100;41;60;100;100;100
198;204;100;100;94;47;66;100;100;100
198;197;100;100;88;47;86;100;100;100
199;199;100;100;88;47;73;100;100;100
131;203;100;100;72;35;86;100;100;100
45;198;100;100;83;47;80;100;100;100
29;192;100;100;83;41;73;100;100;100
17;193;100;100;100;47;60;100;100;100
172;195;100;100;100;41;60;100;100;100
199;202;100;100;100;47;46;100;100;100
201;210;100;100;100;47;53;100;100;100
218;212;100;100;100;47;53;100;100;100
199;198;100;100;94;47;53;100;100;100
197;193;100;100;94;35;53;100;100;100
201;199;100;100;100;29;66;100;100;100
186;201;100;100;100;41;66;100;100;100
127;197;100;100;88;29;73;100;100;100
54;198;100;100;88;41;73;100;100;100
36;190;100;100;100;47;46;100;100;100
22;196;100;100;100;58;46;100;100;100
195;205;100;100;100;64;33;70;100;100
204;204;100;100;100;64;33;82;100;100
217;212;100;100;100;76;46;76;100;100
204;208;100;100;100;82;46;88;100;100
199;193;100;100;100;70;53;76;100;100
198;199;100;100;100;82;53;70;100;100
189;199;100;100;100;76;53;76;100;100
195;198;100;100;100;70;53;70;100;100
200;205;100;100;100;70;53;70;100;100
201;198;100;100;100;76;53;82;100;100
203;197;100;100;100;76;40;70;100;100
196;201;100;100;100;70;33;76;100;100
206;202;100;100;100;76;53;82;100;100
207;200;100;100;100;70;53;76;100;100
199;198;100;100;100;64;40;88;100;100
205;198;100;100;100;76;33;88;100;100
196;191;100;100;100;58;46;94;100;100
196;194;100;100;100;64;46;88;100;100
205;198;100;100;100;64;53;94;100;100
197;202;100;100;100;64;53;88;100;100
174;201;100;100;100;47;53;88;100;100
81;206;100;100;100;47;33;100;100;100
33;193;100;100;100;52;46;70;100;100
14;193;100;100;100;52;33;52;100;100
30;195;100;100;100;64;46;35;100;100
205;198;100;100;100;82;33;35;100;100
207;211;100;100;100;94;46;35;87;100
211;219;100;100;100;94;40;23;68;100
199;207;100;100;100;100;66;35;87;100
197;197;100;100;100;100;80;47;87;100
199;194;100;100;100;100;80;41;93;100
201;191;100;100;100;100;73;52;100;100
213;196;100;100;100;100;93;47;100;100
202;203;100;100;100;100;93;52;93;100
198;199;100;100;100;100;93;52;87;100
201;204;100;100;100;100;93;52;87;100
195;204;100;100;100;100;86;35;87;100
200;196;100;100;100;100;86;35;93;100
199;200;100;100;100;100;86;41;93;100
203;205;100;100;100;100;93;35;100;100
198;196;100;100;100;100;93;52;87;100
194;199;100;100;100;100;73;47;87;100
199;197;100;100;100;88;53;35;87;100
202;199;100;100;100;82;46;41;87;100
202;202;100;100;100;82;40;41;100;100
207;202;100;100;100;64;33;35;100;100
195;194;100;100;100;70;33;35;100;100
200;204;100;100;100;82;40;35;100;100
202;202;100;100;100;76;46;29;100;100
192;197;100;100;100;76;33;47;100;100
199;198;100;100;100;64;40;47;100;100
199;204;100;100;100;64;33;47;100;100
195;200;100;100;100;58;33;47;100;100
200;200;100;100;100;64;33;52;100;100
196;199;100;100;100;64;33;52;100;100
203;204;100;100;100;58;26;52;100;100
206;193;100;100;100;52;33;47;100;100
199;196;100;100;100;52;26;35;100;100
202;199;100;100;100;64;33;47;100;100
197;196;100;100;100;58;20;52;100;100
201;199;100;100;100;58;20;52;100;100
207;203;100;100;100;47;26;52;100;100
195;198;100;100;100;47;26;52;100;100
199;206;100;100;100;47;26;52;100;100
201;205;100;100;100;41;33;52;100;100
203;204;100;100;100;35;33;52;100;100
208;208;100;100;100;41;26;70;100;100
196;194;100;100;100;41;26;64;100;100
197;197;100;100;100;47;26;64;100;100
206;204;100;100;100;35;20;64;100;100
195;198;100;100;100;29;33;70;100;100
201;202;100;100;94;29;33;70;100;100
202;195;100;100;100;29;33;70;100;100
199;198;100;100;94;41;33;76;100;100
206;203;100;100;88;47;33;82;100;100
199;198;100;100;88;41;33;70;100;100
196;197;100;100;88;29;33;88;100;100
199;201;100;100;83;35;33;82;100;100
191;194;100;100;77;41;33;88;100;100
199;204;100;100;83;41;33;88;100;100
202;203;100;100;83;35;33;88;100;100
195;198;100;100;77;35;33;82;100;100
202;197;100;100;72;29;40;88;100;100
203;200;100;100;72;29;46;88;100;100
201;199;100;100;77;29;53;88;100;100
203;201;100;100;77;29;46;88;100;100
193;198;100;100;72;29;46;94;100;100
203;207;100;100;61;23;53;100;100;100
204;202;100;100;66;17;53;100;100;100
191;195;100;100;66;29;33;94;100;100
199;198;100;100;61;23;53;100;100;100
199;201;100;100;55;23;53;100;100;100
197;200;100;100;55;23;53;100;100;100
203;202;100;100;55;17;53;100;100;100
195;197;100;100;55;23;53;100;100;100
204;203;100;100;55;23;60;100;100;100
205;193;100;100;55;29;53;100;100;100
199;197;100;100;44;29;73;100;100;100
205;201;100;100;38;29;73;100;100;100
201;199;100;100;38;29;73;100;100;100
198;200;100;100;38;23;73;100;100;100
205;204;100;100;44;23;73;100;100;100
196;200;100;100;44;17;73;100;100;100
201;202;100;100;38;23;73;100;100;100
204;199;100;100;38;23;73;100;100;100
198;202;100;94;38;29;73;100;100;100
200;198;100;94;27;29;86;100;100;100
198;197;100;94;27;29;86;100;100;100
198;198;100;100;33;29;80;100;100;100
208;206;100;76;38;29;80;100;100;100
198;197;100;76;27;29;80;100;100;100
202;205;100;82;22;29;93;100;100;100
200;198;100;76;22;29;100;100;100;100
198;199;100;64;22;47;100;100;100;100
206;201;100;64;22;47;93;100;100;100
198;196;100;58;22;47;100;100;100;100
161;198;100;58;22;29;100;100;100;100
82;203;100;70;22;41;100;100;100;100
184;195;100;76;38;47;100;100;100;100
183;199;100;76;22;47;93;100;100;100
202;205;100;82;33;47;100;100;100;100
211;210;100;82;38;47;93;100;100;100
194;198;100;76;27;47;93;100;100;100
200;198;100;70;27;41;93;100;100;100
200;204;100;76;27;35;93;100;100;100
200;202;100;76;38;29;93;100;100;100
205;196;100;64;33;35;100;100;100;100
199;205;100;76;27;35;93;100;100;100
204;197;100;82;27;41;93;100;100;100
138;196;100;76;27;41;93;100;100;100
54;198;100;88;33;29;93;100;100;100
30;190;100;100;33;23;80;100;100;100
167;194;100;100;38;35;66;100;100;100
194;202;100;100;38;17;53;100;100;100
198;211;100;100;55;29;53;100;100;100
208;218;100;100;55;29;53;100;100;100
199;194;100;100;55;23;53;100;100;100
197;197;100;100;61;29;53;100;100;100
201;199;100;100;72;29;53;88;100;100
199;194;100;100;72;23;33;100;100;100
200;200;100;100;72;29;33;88;100;100
209;204;100;100;77;29;40;88;100;100
202;199;100;100;88;35;33;70;100;100
203;204;100;100;88;47;33;64;100;100
204;198;100;100;100;41;33;52;100;100
196;194;100;100;100;52;33;52;100;100
206;204;100;100;100;64;33;35;100;100
203;199;100;100;100;82;33;29;100;100
197;200;100;100;100;94;53;35;75;100
163;160;100;100;100;100;66;35;56;100
63;79;100;100;100;100;66;35;43;100
29;33;100;100;100;100;73;35;43;100
13;14;100;100;100;100;73;35;50;100
6;6;100;100;100;100;73;35;56;100
6;2;100;100;100;100;73;35;37;100
2;2;100;100;100;100;73;35;43;100
0;0;100;100;100;100;73;35;31;100
0;0;100;100;100;100;73;35;50;100
0;0;100;100;100;100;73;35;37;100
0;0;100;100;100;100;73;35;43;100
